name,series,type,year
Nerf Original,Original,Blaster,1989
Nerf Sharpshooter,Original,Rifle,1989
Nerf Guide Gun,Original,Blaster,1991
Nerf Big Bad Bow,Original,Bow,1990
Nerf Ballzooka,Original,Launcher,1989
Nerf Maverick,N-Strike,Pistol,2010
Nerf Longshot,N-Strike,Rifle,2010
Nerf Recon,N-Strike,Rifle,2010
Nerf Raider,N-Strike,Blaster,2010
Nerf Barricade,N-Strike,Blaster,2010
Nerf Stampede,N-Strike,Blaster,2011
Nerf Rapidstrike,N-Strike,Blaster,2011
Nerf Deploy,N-Strike,Blaster,2011
Nerf Strongarm,N-Strike,Blaster,2011
Nerf Retaliator,N-Strike,Blaster,2011
Nerf Rough Cut,N-Strike,Blaster,2011
Nerf Hailfire,N-Strike,Blaster,2011
Nerf Vulcan,N-Strike,Blaster,2011
Nerf Stryfe,N-Strike,Blaster,2011
Nerf Titan,N-Strike,Blaster,2011
Nerf Centurion,N-Strike,Rifle,2011
Nerf Crossfire,N-Strike,Blaster,2011
Nerf Shadow,N-Strike,Blaster,2011
Nerf Spectre,N-Strike,Pistol,2011
Nerf Scout,N-Strike,Pistol,2011
Nerf Dread,N-Strike,Blaster,2011
Nerf Tornado,N-Strike,Blaster,2011
Nerf Triad,N-Strike,Blaster,2011
Nerf Jolt,N-Strike,Pistol,2011
Nerf Alpha Trooper,N-Strike,Blaster,2011
Nerf Magstrike,N-Strike,Blaster,2011
Nerf Nite Finder,N-Strike,Blaster,2010
Nerf Monster,N-Strike,Blaster,2010
Nerf Elite Jolt,N-Strike Elite,Pistol,2012
Nerf Elite Retaliator,N-Strike Elite,Blaster,2012
Nerf Elite Stryfe,N-Strike Elite,Blaster,2012
Nerf Elite Scout,N-Strike Elite,Pistol,2012
Nerf Elite Rampage,N-Strike Elite,Blaster,2012
Nerf Elite Rhino-Fire,N-Strike Elite,Blaster,2012
Nerf Elite Alpha Trooper,N-Strike Elite,Blaster,2012
Nerf Elite Hailfire,N-Strike Elite,Blaster,2012
Nerf Elite Rapidstrike,N-Strike Elite,Blaster,2012
Nerf Elite Strongarm,N-Strike Elite,Blaster,2012
Nerf Elite Longshot CS-6,N-Strike Elite,Rifle,2012
Nerf Elite Sidestrike,N-Strike Elite,Blaster,2012
Nerf Elite Barrel Break,N-Strike Elite,Blaster,2012
Nerf Elite Hammershot,N-Strike Elite,Blaster,2012
Nerf Elite Crossfire,N-Strike Elite,Blaster,2012
Nerf Elite Centurion,N-Strike Elite,Rifle,2012
Nerf Elite Praxis,N-Strike Elite,Blaster,2012
Nerf Elite Spider,N-Strike Elite,Blaster,2012
Nerf Elite Raptor,N-Strike Elite,Blaster,2012
Nerf Elite Rayven,N-Strike Elite,Blaster,2012
Nerf Elite Ghost,N-Strike Elite,Blaster,2012
Nerf Elite Decimator,N-Strike Elite,Blaster,2013
Nerf Modulus ECS-10,N-Strike Modulus,Rifle,2013
Nerf Modulus Regulator,N-Strike Modulus,Blaster,2013
Nerf Modulus Tri-Strike,N-Strike Modulus,Blaster,2013
Nerf Modulus Mech,N-Strike Modulus,Blaster,2013
Nerf Modulus Longshot,N-Strike Modulus,Rifle,2013
Nerf Modulus Scout,N-Strike Modulus,Pistol,2013
Nerf Modulus Maverick,N-Strike Modulus,Pistol,2013
Nerf Modulus Striker,N-Strike Modulus,Blaster,2013
Nerf Modulus Firefly,N-Strike Modulus,Blaster,2013
Nerf Rebelle Heartbreaker,Rebelle,Blaster,2013
Nerf Rebelle Secret Strike,Rebelle,Blaster,2013
Nerf Rebelle Crossfire Bow,Rebelle,Bow,2013
Nerf Rebelle Sweet Revenge,Rebelle,Blaster,2013
Nerf Rebelle BFF,Rebelle,Blaster,2013
Nerf Rebelle Badlands,Rebelle,Blaster,2013
Nerf Rebelle Double Agents,Rebelle,Blaster,2014
Nerf Rebelle Fashion Show,Rebelle,Blaster,2014
Nerf Rebelle Target,Rebelle,Blaster,2014
Nerf Rebelle Raptor,Rebelle,Blaster,2014
Nerf Zombie Strike Hammershot,Zombie Strike,Blaster,2013
Nerf Zombie Strike Rayven,Zombie Strike,Blaster,2013
Nerf Zombie Strike Slingfire,Zombie Strike,Blaster,2013
Nerf Zombie Strike Doominator,Zombie Strike,Blaster,2013
Nerf Zombie Strike Buzzworm,Zombie Strike,Blaster,2013
Nerf Zombie Strike Flip Shot,Zombie Strike,Pistol,2013
Nerf Zombie Strike Sidestrike,Zombie Strike,Blaster,2013
Nerf Zombie Strike BattleCamo,Zombie Strike,Blaster,2013
Nerf Zombie Strike Zombie Stryfe,Zombie Strike,Blaster,2013
Nerf Zombie Strike Sledgefire,Zombie Strike,Blaster,2014
Nerf Zombie Strike Deadly Dread,Zombie Strike,Blaster,2014
Nerf Zombie Strike Double Trouble,Zombie Strike,Double Blaster,2014
Nerf Zombie Strike Command,Zombie Strike,Blaster,2014
Nerf Zombie Strike SlingBlazer,Zombie Strike,Blaster,2014
Nerf Zombie Strike Bonebreaker,Zombie Strike,Blaster,2014
Nerf DinoSquad T-Rex,DinoSquad,Blaster,2014
Nerf DinoSquad Triceratops,DinoSquad,Blaster,2014
Nerf DinoSquad Stegosaurus,DinoSquad,Blaster,2014
Nerf DinoSquad Brachiosaurus,DinoSquad,Blaster,2014
Nerf DinoSquad Pterodactyl,DinoSquad,Blaster,2014
Nerf DinoSquad Carnotaurus,DinoSquad,Blaster,2014
Nerf DinoSquad Raptor,DinoSquad,Blaster,2014
Nerf DinoSquad Sniper,DinoSquad,Rifle,2014
Nerf Vortex Praxis,Vortex,Blaster,2011
Nerf Vortex Nitron,Vortex,Blaster,2011
Nerf Vortex Pyragon,Vortex,Blaster,2011
Nerf Vortex Vigilon,Vortex,Blaster,2011
Nerf Vortex Perceptor,Vortex,Blaster,2011
Nerf Vortex AeroTrooper,Vortex,Blaster,2011
Nerf Vortex Volleyfire,Vortex,Blaster,2011
Nerf Vortex Cycloneshock,Vortex,Blaster,2012
Nerf Vortex Saber,Vortex,Blaster,2012
Nerf Vortex Warden,Vortex,Blaster,2013
Nerf Vortex Pro,Vortex,Blaster,2013
Nerf Vortex Hex,Vortex,Blaster,2013
Nerf Vortex Whip,Vortex,Blaster,2013
Nerf Vortex Doom,Vortex,Blaster,2014
Nerf Vortex Mace,Vortex,Blaster,2014
Nerf Mega Mastodon,Mega,Blaster,2013
Nerf Mega Thunderstorm,Mega,Blaster,2013
Nerf Mega Rotofury,Mega,Blaster,2013
Nerf Mega Max,Mega,Blaster,2013
Nerf Mega Bigshock,Mega,Blaster,2013
Nerf Mega Goliath,Mega,Blaster,2013
Nerf Mega Ballista,Mega,Blaster,2013
Nerf Mega Barrage,Mega,Blaster,2013
Nerf Mega Rhino,Mega,Blaster,2013
Nerf Mega Stalker,Mega,Blaster,2014
Nerf Mega Raptor,Mega,Blaster,2014
Nerf Mega Trooper,Mega,Blaster,2014
Nerf Mega Launch,Mega,Blaster,2014
Nerf Mega Warden,Mega,Blaster,2014
Nerf Mega Juggernaut,Mega,Blaster,2014
Nerf Mega Shockwave,Mega,Blaster,2014
Nerf Mega Demolisher,Mega,Blaster,2014
Nerf Mega Frenzy,Mega,Blaster,2015
Nerf Mega Cycloneshock,Mega,Blaster,2015
Nerf Hyper Rush,Hyper,Blaster,2016
Nerf Hyper Rebound,Hyper,Blaster,2016
Nerf Hyper Storm,Hyper,Blaster,2016
Nerf Hyper Max,Hyper,Blaster,2016
Nerf Hyper Volley,Hyper,Blaster,2016
Nerf Hyper Tactical,Hyper,Blaster,2016
Nerf Rival Apollo XV-700,Rival,Blaster,2017
Nerf Rival Atlas XV-100,Rival,Blaster,2017
Nerf Rival Bronco,Rival,Blaster,2017
Nerf Rival Khaos,Rival,Blaster,2017
Nerf Rival Hades,Rival,Blaster,2017
Nerf Rival Zeus,Rival,Blaster,2017
Nerf Rival Javelin,Rival,Blaster,2017
Nerf Rival Hera,Rival,Blaster,2017
Nerf Rival Pharaoh,Rival,Blaster,2017
Nerf Rival Medusa,Rival,Blaster,2017
Nerf Rival Nemesis,Rival,Blaster,2017
Nerf Rival Perses,Rival,Blaster,2017
Nerf Rival Lancer,Rival,Blaster,2017
Nerf Rival Templar,Rival,Blaster,2017
Nerf Rival Prometheus,Rival,Blaster,2017
Nerf Rival Artemis,Rival,Blaster,2017
Nerf Rival Sentry,Rival,Blaster,2017
Nerf Rival Mako,Rival,Blaster,2018
Nerf Rival Stryfe,Rival,Blaster,2018
Nerf Ultra One,Ultra,Blaster,2021
Nerf Ultra Two,Ultra,Blaster,2021
Nerf Ultra Four,Ultra,Blaster,2021
Nerf Ultra Five,Ultra,Blaster,2021
Nerf Ultra Six,Ultra,Blaster,2021
Nerf Ultra Select,Ultra,Blaster,2021
Nerf Ultra Phoenix,Ultra,Blaster,2021
Nerf Ultra Raptor,Ultra,Blaster,2021
Nerf Ultra Maverick,Ultra,Pistol,2021
Nerf Ultra Jolt,Ultra,Pistol,2021
Nerf Ultra Alpha Trooper,Ultra,Blaster,2022
Nerf Ultra Scatterblast,Ultra,Blaster,2022
Nerf Accustrike Spear,Accustrike,Blaster,2019
Nerf Accustrike Mace,Accustrike,Blaster,2019
Nerf Accustrike Sword,Accustrike,Blaster,2019
Nerf Accustrike Crossbow,Accustrike,Bow,2019
Nerf Accustrike Hammer,Accustrike,Blaster,2019
Nerf Accustrike Raptor,Accustrike,Blaster,2019
Nerf Star Wars E-11,Licensed,Blaster,2013
Nerf Star Wars T-21,Licensed,Rifle,2013
Nerf Star Wars Stormtrooper,Licensed,Blaster,2013
Nerf Star Wars Blaster,Licensed,Blaster,2013
Nerf Marvel Deadpool,Licensed,Blaster,2014
Nerf Marvel Spider-Man,Licensed,Blaster,2014
Nerf Marvel Captain America,Licensed,Blaster,2014
Nerf Fortnite AR-L,Licensed,Rifle,2018
Nerf Fortnite SMG,Licensed,Blaster,2018
Nerf Fortnite Pump Shotgun,Licensed,Blaster,2018
Nerf Fortnite Double Barrel,Licensed,Blaster,2018
Nerf Fortnite Scout,Licensed,Blaster,2018
Nerf Minecraft Creeper,Licensed,Blaster,2019
Nerf Minecraft Skeleton,Licensed,Blaster,2019
Nerf Disney Mickey Mouse,Licensed,Blaster,2020
Nerf Power Rangers,Licensed,Blaster,2020
Nerf Teenage Mutant Ninja Turtles,Licensed,Blaster,2020
Nerf Sonic the Hedgehog,Licensed,Blaster,2020
Nerf Roblox,Licensed,Blaster,2021
Nerf DC Batman,Licensed,Blaster,2022
Nerf Marvel Wolverine,Licensed,Blaster,2022
Nerf Super Mario,Licensed,Blaster,2023
